{"AvoidAction":[{"EquipmentType":"Arm","ActionName":"AdjustShelf","AvoidId":7},{"EquipmentType":"Robot","ActionName":"Run","AvoidId":9},{"EquipmentType":"Robot","ActionName":"DockV2","AvoidId":8}],"AvoidSceneSet":[{"id":0,"name":"最小避障","config":{"noload":{"forward":200,"rotate":50,"right":50,"left":50,"back":0,"slowAccThreshold":0.4,"alarmAccThreshold":0.5,"slowRight":50,"slowLeft":50,"reduceMin":50},"load":{"forward":200,"rotate":50,"right":50,"left":50,"back":0,"slowAccThreshold":0.2,"alarmAccThreshold":0.3,"slowRight":50,"slowLeft":50,"reduceMin":50}},"height":[]},{"id":1,"name":"常规避障","config":{"noload":{"forward":500,"rotate":100,"right":100,"left":100,"back":200,"slowAccThreshold":0.4,"alarmAccThreshold":0.5,"slowRight":100,"slowLeft":100,"reduceMin":100},"load":{"forward":400,"rotate":100,"right":80,"left":80,"back":130,"slowAccThreshold":0.2,"alarmAccThreshold":0.3,"slowRight":100,"slowLeft":100,"reduceMin":100}},"height":[[0,20]]},{"id":2,"name":"常规短避障","config":{"noload":{"forward":500,"rotate":100,"right":80,"left":80,"back":0,"slowAccThreshold":0.4,"alarmAccThreshold":0.5,"slowRight":50,"slowLeft":50,"reduceMin":70},"load":{"forward":300,"rotate":100,"right":80,"left":80,"back":0,"slowAccThreshold":0.2,"alarmAccThreshold":0.3,"slowRight":50,"slowLeft":50,"reduceMin":70}},"height":[]},{"id":3,"name":"进货架","config":{"noload":{"forward":500,"rotate":50,"right":20,"left":20,"back":200,"slowAccThreshold":0.4,"alarmAccThreshold":0.5,"slowRight":10,"slowLeft":10,"reduceMin":150},"load":{"forward":400,"rotate":30,"right":20,"left":20,"back":200,"slowAccThreshold":0.2,"alarmAccThreshold":0.3,"slowRight":20,"slowLeft":20,"reduceMin":20}},"height":[[0,20]]},{"id":4,"name":"左侧有障碍物","config":{"noload":{"forward":500,"rotate":100,"right":80,"left":30,"back":0,"slowAccThreshold":0.4,"alarmAccThreshold":0.5,"slowRight":50,"slowLeft":20,"reduceMin":100},"load":{"forward":500,"rotate":100,"right":80,"left":30,"back":0,"slowAccThreshold":0.2,"alarmAccThreshold":0.3,"slowRight":50,"slowLeft":10,"reduceMin":100}},"height":[]},{"id":5,"name":"右侧有障碍物","config":{"noload":{"forward":500,"rotate":100,"right":30,"left":80,"back":0,"slowAccThreshold":0.4,"alarmAccThreshold":0.5,"slowRight":20,"slowLeft":50,"reduceMin":100},"load":{"forward":500,"rotate":100,"right":30,"left":80,"back":0,"slowAccThreshold":0.2,"alarmAccThreshold":0.3,"slowRight":10,"slowLeft":50,"reduceMin":100}},"height":[]},{"id":6,"name":"左右侧有障碍物","config":{"noload":{"forward":500,"rotate":100,"right":30,"left":30,"back":0,"slowAccThreshold":0.4,"alarmAccThreshold":0.5,"slowRight":20,"slowLeft":20,"reduceMin":100},"load":{"forward":500,"rotate":100,"right":30,"left":30,"back":0,"slowAccThreshold":0.2,"alarmAccThreshold":0.3,"slowRight":10,"slowLeft":10,"reduceMin":100}},"height":[]},{"id":7,"name":"货架调整","config":{"noload":{"forward":500,"rotate":20,"right":0,"left":0,"back":0,"slowAccThreshold":0.4,"alarmAccThreshold":0.5,"slowRight":0,"slowLeft":0,"reduceMin":20},"load":{"forward":200,"rotate":20,"right":0,"left":0,"back":0,"slowAccThreshold":0.2,"alarmAccThreshold":0.3,"slowRight":0,"slowLeft":0,"reduceMin":20}},"height":[]},{"id":8,"name":"充电对接","config":{"noload":{"forward":200,"rotate":50,"right":10,"left":10,"back":0,"slowAccThreshold":0.4,"alarmAccThreshold":0.5,"slowRight":0,"slowLeft":0,"reduceMin":-50},"load":{"forward":200,"rotate":50,"right":10,"left":10,"back":0,"slowAccThreshold":0.2,"alarmAccThreshold":0.3,"slowRight":0,"slowLeft":0,"reduceMin":-50}},"height":[[0,20]]},{"id":9,"name":"充电结束","config":{"noload":{"forward":500,"rotate":50,"right":0,"left":0,"back":-100,"slowAccThreshold":0.4,"alarmAccThreshold":0.5,"slowRight":20,"slowLeft":20,"reduceMin":100},"load":{"forward":200,"rotate":50,"right":0,"left":0,"back":-100,"slowAccThreshold":0.2,"alarmAccThreshold":0.3,"slowRight":20,"slowLeft":20,"reduceMin":100}},"height":[[0,20]]},{"id":10,"name":"出货架","config":{"noload":{"forward":300,"rotate":50,"right":20,"left":20,"back":100,"slowAccThreshold":0.4,"alarmAccThreshold":0.5,"slowRight":10,"slowLeft":10,"reduceMin":100},"load":{"forward":300,"rotate":30,"right":20,"left":20,"back":100,"slowAccThreshold":0.2,"alarmAccThreshold":0.3,"slowRight":30,"slowLeft":30,"reduceMin":50}},"height":[[0,20]]},{"id":11,"name":"进栈板","config":{"noload":{"forward":200,"rotate":50,"right":0,"left":0,"back":0,"slowAccThreshold":0.4,"alarmAccThreshold":0.5,"slowRight":0,"slowLeft":0,"reduceMin":-100},"load":{"forward":500,"rotate":50,"right":30,"left":30,"back":0,"slowAccThreshold":0.2,"alarmAccThreshold":0.3,"slowRight":20,"slowLeft":20,"reduceMin":100}},"height":[]},{"id":12,"name":"出栈板","config":{"noload":{"forward":500,"rotate":50,"right":0,"left":0,"back":-100,"slowAccThreshold":0.4,"alarmAccThreshold":0.5,"slowRight":0,"slowLeft":0,"reduceMin":100},"load":{"forward":500,"rotate":50,"right":30,"left":30,"back":0,"slowAccThreshold":0.2,"alarmAccThreshold":0.3,"slowRight":20,"slowLeft":20,"reduceMin":100}},"height":[]},{"id":100,"name":"min","config":{"noload":{"forward":350,"rotate":50,"right":50,"left":50,"back":100,"slowAccThreshold":0.4,"alarmAccThreshold":0.5,"slowRight":50,"slowLeft":50,"reduceMin":50},"load":{"forward":350,"rotate":50,"right":50,"left":50,"back":100,"slowAccThreshold":0.2,"alarmAccThreshold":0.3,"slowRight":50,"slowLeft":50,"reduceMin":50}}},{"id":13,"name":"光伏进机台","config":{"noload":{"forward":300,"rotate":10,"right":0,"left":0,"back":0,"slowAccThreshold":0.4,"alarmAccThreshold":0.5,"slowRight":30,"slowLeft":30,"reduceMin":-10},"load":{"forward":400,"rotate":30,"right":20,"left":20,"back":0,"slowAccThreshold":0.2,"alarmAccThreshold":0.3,"slowRight":50,"slowLeft":50,"reduceMin":-300}},"height":[],"loadHeight":[]},{"id":14,"name":"光伏出机台","config":{"noload":{"forward":450,"rotate":10,"right":0,"left":0,"back":-100,"slowAccThreshold":0.4,"alarmAccThreshold":0.5,"slowRight":20,"slowLeft":20,"reduceMin":200},"load":{"forward":450,"rotate":50,"right":0,"left":0,"back":-300,"slowAccThreshold":0.2,"alarmAccThreshold":0.3,"slowRight":10,"slowLeft":10,"reduceMin":200}},"height":[],"loadHeight":[]},{"id":15,"name":"叉车常规","config":{"noload":{"forward":1000,"rotate":200,"right":200,"left":200,"back":100,"slowAccThreshold":0.4,"alarmAccThreshold":0.5,"slowRight":100,"slowLeft":100,"reduceMin":200},"load":{"forward":1000,"rotate":200,"right":200,"left":200,"back":100,"slowAccThreshold":0.2,"alarmAccThreshold":0.3,"slowRight":100,"slowLeft":100,"reduceMin":200}},"height":[],"loadHeight":[]},{"id":16,"name":"叉车弧线","config":{"noload":{"forward":500,"rotate":200,"right":200,"left":200,"back":100,"slowAccThreshold":0.4,"alarmAccThreshold":0.5,"slowRight":100,"slowLeft":100,"reduceMin":200},"load":{"forward":1200,"rotate":200,"right":200,"left":200,"back":100,"slowAccThreshold":0.2,"alarmAccThreshold":0.3,"slowRight":100,"slowLeft":100,"reduceMin":200}},"height":[],"loadHeight":[]},{"id":101,"name":"Waiting area new","config":{"noload":{"forward":100,"rotate":30,"right":30,"left":30,"back":50,"slowAccThreshold":0.4,"alarmAccThreshold":0.5,"slowRight":30,"slowLeft":30,"reduceMin":50},"load":{"forward":350,"rotate":50,"right":50,"left":50,"back":100,"slowAccThreshold":0.2,"alarmAccThreshold":0.3,"slowRight":50,"slowLeft":50,"reduceMin":50}}},{"id":102,"name":"front=350,back=130","config":{"noload":{"forward":350,"rotate":100,"right":100,"left":100,"back":130,"slowAccThreshold":0.4,"alarmAccThreshold":0.5,"slowRight":100,"slowLeft":100,"reduceMin":100},"load":{"forward":350,"rotate":100,"right":80,"left":80,"back":130,"slowAccThreshold":0.2,"alarmAccThreshold":0.3,"slowRight":100,"slowLeft":100,"reduceMin":100}},"height":[[0,20]]}],"AvoidSpecial":[{"AvoidName":"FreePath","AvoidId":0},{"AvoidName":"Bypass","AvoidId":2}],"AvoidSceneAdvancedSet":[],"Enable":true}